name,minrepo_name,prefecture
SAP蒲生,,埼玉県
TOHO川越店,,埼玉県
せんげん台DUO,,埼玉県
みずほ台UNO店,,埼玉県
アリーナ平塚店,,埼玉県
オータ桶川駅前店,,埼玉県
キコーナ草加店,,埼玉県
コンサートホール上尾,,埼玉県
コンサートホール北浦和,,埼玉県
コンサートホール蓮田店,,埼玉県
ジャムフレンドクラブ朝霞,,埼玉県
ジャラン川口峯店,,埼玉県
ジャラン川口弥平店,,埼玉県
ジャラン若葉駅前店,,埼玉県
スカイプラザ大井店,,埼玉県
スカイプラザ富士見店,,埼玉県
スーパーライブガーデン行田店,,埼玉県
ディスカバリー,,埼玉県
ニューダイエイ,,埼玉県
ニューダイエイIII,ニューダイエイ3,埼玉県
ニューヨーク浦和店,ニューヨーク,埼玉県
ノア東松山店,,埼玉県
パーラーEX滑川店,,埼玉県
ピークスゼロ,,埼玉県
マルハン上里店,,埼玉県
マルハン入間店,,埼玉県
マルハン川口店,,埼玉県
マルハン川越店,,埼玉県
マルハン所沢店,,埼玉県
マルハン深谷店,,埼玉県
マルハン清河寺店,,埼玉県
マルハン鷲宮店,,埼玉県
ミリオン1100朝霞店,,埼玉県
メガガイア岩槻店,,埼玉県
メガガイア越谷大里,,埼玉県
メガボックス東松山店,,埼玉県
メビウス西川口店,,埼玉県
ライブガーデン上尾スロット館,ライブガーデン上尾店,埼玉県
上尾ウノ,,埼玉県
上福岡UNO,,埼玉県
北上尾UNO店,,埼玉県
北越谷UNO店,,埼玉県
将軍与野店,,埼玉県
朝霞ウノ,,埼玉県
楽園南越谷店,,埼玉県
楽園大宮新館,楽園大宮店,埼玉県
第一プラザみずほ台店,,埼玉県
第一プラザ八潮店,,埼玉県
第一プラザ坂戸1000,,埼玉県
第一プラザ笠幡店,,埼玉県
第一プラザ西浦和店,,埼玉県
虹のある街川口店,,埼玉県
DAS蕨店,,埼玉県
ガイアネクスト越谷,,埼玉県
やすだ東大宮店,,埼玉県
SAP草加,,埼玉県
パチンコプラザラ・カータ上里店,,埼玉県
やすだ朝霞店,,埼玉県
やすだ所沢店,,埼玉県
やすだ八潮店,,埼玉県
やすだ三郷店,,埼玉県
やすだ戸田店,,埼玉県
マルキ戸田店,,埼玉県
インタースクエア,,埼玉県
第一プラザ坂戸にっさい店,,埼玉県
第一プラザ狭山店,,埼玉県
第一プラザ武州長瀬店,,埼玉県
アスカ熊谷店,,埼玉県
ミュー川口芝店,,埼玉県
第一プラザ霞ヶ関店,,埼玉県
ピーアーク越谷,,埼玉県
ピーアーク新田,,埼玉県
ウイング蕨600,,埼玉県
アリーナ桶川店,,埼玉県
ピーアーク松原,,埼玉県
ウイングキャッスル,,埼玉県
ピーアーク春日部,,埼玉県
パラッツォ川越店,,埼玉県
R7STRONG,,埼玉県
パラッツォ蕨店,,埼玉県
パラッツォ鳩ヶ谷店,,埼玉県
ピーアーク草加,,埼玉県
ジャラン武里店,,埼玉県
ピーアーク朝霞,,埼玉県
ピーアーク谷塚,,埼玉県
虹のある街北本店,,埼玉県
デルパラ2吉川店,,埼玉県
グランドオータ新座駅前店,,埼玉県
ニューひかり本店,,埼玉県
チンジャラ会館,,埼玉県
ライブガーデン幸手権現堂,,埼玉県
パラッツォ三郷中央店,,埼玉県
アスカ杉戸店,,埼玉県
オータ川島店,,埼玉県
グランドオータ熊谷本店,,埼玉県
オータ狭山スロット館,,埼玉県
オータ志木駅前店,,埼玉県
ニュークラウン川越2号店,,埼玉県
ゴードン西川口店,,埼玉県
デルパラ川口店,,埼玉県
ミリオン和光10号店,,埼玉県
仙川UNO,,東京都
有楽町DUO,,東京都
秋葉原UNO,,東京都
清瀬UNO,,東京都
三ノ輪UNO,,東京都
パラッツォ葛西店,,東京都
ガイア大塚北口店,,東京都
みとやジャックポット錦糸町,,東京都
サイバーパチンコ秋葉原昭和通り口店,,東京都
新橋UNO,,東京都
メガガイア明大前店,,東京都
ガイア瑞江Ⅱ,,東京都
有楽町ウノ,,東京都
ベガスベガス新宿東南口店,,東京都
ガイア大泉学園店,,東京都
MGM国領店,,東京都
ガイアネクスト三軒茶屋II,,東京都
メガガイア調布店,,東京都
ガイア曳舟,,東京都
ガイア瑞江店,,東京都
グランド ラ・カータ1111瑞穂店,,東京都
みとや水道橋,,東京都
ニュークラウン綾瀬店,,東京都
ガイアネクスト三軒茶屋I,,東京都
アイオン豊田店,,東京都
ガイア大島店,,東京都
サンドラ大塚店,,東京都
やすだ西池袋6号店,,東京都
ガイア経堂店,,東京都
カレイド新宿店,,東京都
やすだ仲宿店,,東京都
みとや浅草千束店,,東京都
マルハン亀有店,,東京都
マルハン小岩店,,東京都
マルハン八王子四谷店,,東京都
YASUDA7,,東京都
マルハン大山店,,東京都
ガイア富士見台南口店,,東京都
YASUDA9,,東京都
ARROW池上店,,東京都
マルハンメガシティ東大和,,東京都
マルハン昭島店,,東京都
マルハン青梅新町店,,東京都
マルハン池袋店,,東京都
マルハン日野店,,東京都
マルハン池袋SLOT BASE,,東京都
マルハン鹿浜店,,東京都
マルハンメガシティ2000蒲田7,,東京都
マルハン新宿東宝ビル店,,東京都
マルハンメガシティ2000 蒲田1,,東京都
楽園池袋店グリーンサイド,,東京都
エクサファースト,,東京都
ビッグアップル秋葉原店,,東京都
ジャラン浅草店,,東京都
トワーズ西八店,,東京都
ライオン,,東京都
トワーズ東久留米店,,東京都
ウイング,,東京都
三栄ホール,,東京都
スーパーセブン西八王子店,,東京都
トワーズ羽村店,,東京都
メッセ西葛西,,東京都
アムディ亀有,,東京都
グランドホール西高島平店,,東京都
エスパス日拓新大久保駅前店,,東京都
スロットジパング,,東京都
阿佐ヶ谷オーシャン,,東京都
パーラーオリエント秋川店,,東京都
チャレンジャー野津田,,東京都
ニュースター一ツ家店,,東京都
グランドシップ,,東京都
遊劇場Ⅱ,,東京都
コア21,,東京都
コスモ光が丘店,,東京都
みとや錦糸町南口店,,東京都
スパークルV,,東京都
123笹塚店,,東京都
やすだひばりヶ丘店,,東京都
メッセ昭島店,,東京都
やすだ清水町店,,東京都
123+N東雲店,,東京都
メッセ南千住店,,東京都
巣鴨会館,,東京都
BBステーション日暮里店,,東京都
遊劇場3,,東京都
メッセ奥戸店,,東京都
メッセ笹塚,,東京都
パーラースーパーセブン新中野店,,東京都
ジャラン谷在家店,,東京都
YASUDA5,,東京都
キコーナ蒲田店,,東京都
ジャンジャンマールゴット調布国領駅前店,,東京都
メッセ吉祥寺店本館,,東京都
SAP日野,,東京都
デルパラ7堀之内,,東京都
キューデン東口店,,東京都
パーラーディオス下赤塚本店,,東京都
メッセ荻窪店新館,,東京都
デルパラ10南大沢店,,東京都
メッセ高円寺店,,東京都
メッセ三鷹店,,東京都
トワーズ青梅IC店,,東京都
サンパレス環七大杉店,,東京都
ゴードン祖師谷店,,東京都
メッセ武蔵境店,,東京都
メッセ竹の塚,,東京都
パーラースーパーセブン新高円寺店,,東京都
ベラジオ東十条店,,東京都
ジャンジャンマールゴット分倍河原駅前,,東京都
メッセ西荻窪店,,東京都
オーパ荻窪店,,東京都
プライム平井,,東京都
ジャンボ,,東京都
ジャンジャンマールゴット日野駅前店,,東京都
パラッツォ秋津店,,東京都
ニュー太平,,東京都
キコーナ新宿三丁目店,,東京都
グランポート青物横丁店,,東京都
P-PORT PREGO EX池袋南口,,東京都
パラッツォ志村店,,東京都
新世界,,東京都
将軍下赤塚店,,東京都
将軍葛西店,,東京都
ピーアーク北千住,,東京都
コーシン神田店,,東京都
ニューグランド貫井店,,東京都
デルパラ9東村山店,,東京都
ジアス南大沢,,東京都
ベルシティ/ザシティ篠崎店,,東京都
カレイド下北沢店,,東京都
DELFEEL NEW TOKYO,,東京都
戸越ミナト,,東京都
アミューズメントパークジュラク2,,東京都
オリエントヴィーナスホール,,東京都
オーパ阿佐ヶ谷,,東京都
ウインベル・イースト・スロット,,東京都
コンサートホール荒川,,東京都
TOHO池袋店,,東京都
出玉王田無店,,東京都
メッセ扇店,,東京都
ヒロキMAX蒲田店,,東京都
ピーアーク北綾瀬駅前,,東京都
P-PORT PREGO立川店,,東京都
オリエンタルパサージュ自由が丘,,東京都
カレイド経堂店,,東京都
スマートプレゴ池袋,,東京都
パラッツォ千川店,,東京都
コンサートホール野方,,東京都
ニュー今津屋入谷店,,東京都
アバンザ十条,,東京都
プラザ515,,東京都
ピーアーク三田,,東京都
パチンコ大王高島平店,,東京都
クラウン東京都,,東京都
国際センター高田馬場店,,東京都
ベルシティザシティ雑色店,,東京都
ピーアーク竹ノ塚スタジオ,,東京都
ジュラク王子店,,東京都
コンサートホール北千住,,東京都
コンサートホールエフ成増,,東京都
DAS小山,,東京都
マルホン,,東京都
金時大森駅東口店,,東京都
AQUA H2O,,東京都
門前仲町スターダスト,,東京都
ミリオン平和台16号店,,東京都
ニュー今津屋船堀店,,東京都
ミリオン高円寺22号店,,東京都
大井ニュー東京東口店,,東京都
オークラ新中野店,,東京都
ウエスタン葛西店,,東京都
みとや神田西口店,,東京都
ベルシティザシティ篠崎南口1,,東京都
キングNo.1世田谷店,,東京都
楽園渋谷駅前店,,東京都
ジャラン高島平店,,東京都
みとや錦糸町北口店,,東京都
レイトギャップ,,東京都
ヒロキ蒲田西口店,,東京都
ミリオン石神井公園店スロット館,,東京都
エスパス日拓赤坂見附駅前新館,,東京都
楽園渋谷道玄坂店,,東京都
楽園アメ横店,,東京都
ジャラン五反田店,,東京都
エスパス1300新小岩北口駅前店,,東京都
エスパス日拓秋葉原駅前店,,東京都
国際センター中野店,,東京都
エムディー目黒,,東京都
金時京急蒲田店,,東京都
つつじヶ丘ワールド,,東京都
BIGディッパー門前仲町店,,東京都
金時蒲田東口店,,東京都
フォーチュンお花茶屋店,,東京都
ウエスタン西葛西店,,東京都
ウエスタン環七南葛西店,,東京都
クリエ府中西原店,,東京都
ミリオン東武練馬店スロット館,,東京都
TOYO HALL,,東京都
大山オーシャン,,東京都
エスパス日拓渋谷駅前新館,,東京都
練馬オーシャン,,東京都
みとや大森町店,,東京都
ハイパージアス立川,,東京都
BIGディッパー戸越銀座店,,東京都
レッドロック学芸大学駅前店,,東京都
BIGディッパー新橋1号店,,東京都
エスパス日拓西武新宿駅前,,東京都
フルハウス戸越公園店,,東京都
BIGディッパー東中野店,,東京都
ジャラン水元店,,東京都
スロットエランドール田無店,,東京都
楽園池袋店,,東京都
楽園ハッピーロード大山,,東京都
キコーナ府中店,,東京都
エスパス日拓上野本館,,東京都
エスパス日拓上野新館,,東京都
ドキわくランド中河原駅前店,,東京都
BIGディッパー花小金井店,,東京都
飯田橋プレサス,,東京都
BIGディッパー大井町店,,東京都
キューデン・アネックス,,東京都
BIGディッパー木場店,,東京都
アミューズ浅草店,,東京都
オータ東久留米店,,東京都
フルハウス中延店,,東京都
DAS東十条店,,東京都
パーラーコスミック八王子2号店,,東京都
キコーナ平井店,,東京都
グランパ中野,,東京都
アイランド秋葉原店,,東京都
アスカ秩父寺尾店,,埼玉県
アリーナ鶴瀬店,,埼玉県
パチンコプラザ ラ･カータ坂戸店,,埼玉県
アスカ狭山店,,埼玉県
パチンコプラザラカータ大宮本店,,埼玉県
スロットキング南浦和,,埼玉県
ナビ上尾店,,埼玉県
パチンコプラザ ラ･カータ大宮駅前店,,埼玉県
SAPみずほ台,,埼玉県
ベルシティザシティ南浦和店,,埼玉県
アスカ熊谷駅前店,,埼玉県
MGM浦和店,,埼玉県
パチンコプラザ ラ・カータ浦和店,,埼玉県
アスカ蕨駅前店,,埼玉県
エスタディオ東松山,,埼玉県
コンサートホール岩槻,,埼玉県
アイオン入間店,,埼玉県
ラ・カータ鶴ヶ島777,,埼玉県
ニューヨークP-1,,埼玉県
エスパス日拓高田馬場本店,,東京都
オーパス・ワンアネックス立石店,,東京都
プラザ西台,,東京都
オーパス・ワン立石店,,東京都
ガイアネクスト東小金井店,,東京都
サンラッキー三ノ輪店,,東京都
トワーズ四谷店,,東京都
サンラッキー野方店,,東京都
ドキわくランド聖蹟桜ヶ丘店,,東京都
SANCO梅島店,,東京都
エンジェルV,,東京都
アサヒ幡ヶ谷2号店,,東京都
パーラーアサヒ,,東京都
ゴードン永山店,,東京都
SAP立川店,,東京都
エクスアリーナ東京,,東京都
メッセ荻窪店本館,,東京都
K-1赤羽店,,東京都
ピーアーク北千住SSS,,東京都
コンサートホール調布,,東京都
アイオン西葛西店,,東京都
国際センター中村橋店,,東京都
王子龍龍,,東京都
スパークル亀戸店,,東京都
エスパス日拓新宿歌舞伎町店,,東京都
MGM綾瀬西口店,,東京都
オーパス・ワン恵比寿店,,東京都
楽園町田店,,東京都
京浜ホール,,東京都
楽園蒲田店,,東京都
ガリレオ,,東京都
マイニチWOW´ON,,東京都
ダイヤモンド本店,,東京都
コンサートホール志村,,東京都
みとや鶯谷M-2店,,東京都
オーパス・ワン成瀬店,,東京都
エンジェル本店,,東京都
スパークル府中,,東京都
ダイナム西日暮里スロット館,,東京都
BIGディッパー新橋2号店,,東京都
ヒロキ東口店,,東京都
楽園立川店,,東京都
